"id","weapon_id","name"
2147896745,93061497,"Vesper's Host"
2158104404,211938782,"Contact Public Event"
2158390755,3622137132,"Open Legendary engrams and earn faction rank-up packages."
2161448631,2807687156,"Open Legendary engrams and earn faction rank-up packages."
2163821760,3441197115,"Earned while leveling."
2164337426,2776503072,"Season Pass Reward"
2167525566,1150492185,"Season of the Deep Fishing"
2168879124,1843044398,"Open Legendary engrams and earn faction rank-up packages."
2170524258,1392919471,"""Deep Stone Crypt"" Raid"
2176629195,3698448090,"Exotic Mission Encore"
2188941763,3163900678,"""Crota's End"" Raid"
2190071629,3824106094,"Exotic Archive at the Tower"
2193901308,291092617,"""King's Fall"" Raid"
2198737723,2943293195,"""Vow of the Disciple"" Raid"
2202434418,3854037061,"Complete Trials tickets and earn rank-up packages from the Emissary of the Nine."
2202434419,3424403076,"Complete Iron Banner matches and earn rank-up packages from Lord Saladin."
2202434424,1533499362,"Earn rank-up packages from Banshee-44."
2202434426,3967155859,"Complete strikes and earn rank-up packages from Commander Zavala."
2202434427,1533499361,"Earn rank-up packages from Banshee-44."
2202434428,1911843788,"Complete activities and earn rank-up packages on Io."
2202434429,2362471600,"World Quest ""Exodus Black"" on Nessus."
2202434430,1911843790,"Complete activities and earn rank-up packages on Saturn's Moon, Titan."
2202434431,1911843791,"Complete activities and earn rank-up packages on Nessus."
2202871201,3583275737,"Open Legendary engrams and earn faction rank-up packages."
2203723396,1310413525,"Earned while leveling."
2203723397,1310413524,"Earned while leveling."
2207573663,3863882743,"Open Legendary engrams and earn faction rank-up packages."
2216505244,2694044462,"Earned while leveling."
2216505246,2694044460,"Earned while leveling."
2216505247,2694044461,"Earned while leveling."
2219212005,3334276332,"Forsaken Campaign"
2219212008,1798874854,"Complete activities and earn rank-up packages on Mars."
2219212009,2091737595,"Complete Osiris' Lost Prophecies for Brother Vance on Mercury."
2219212010,3334276333,"Complete wanted escapee bounties for the Spider."
2219212011,3222518097,"Complete Crucible matches and earn rank-up packages from Lord Shaxx."
2219212012,227548887,"Earn rank-up packages from Executor Hideo."
2219212013,48361213,"Earn rank-up packages from Arach Jalaal."
2219212014,2812672357,"Complete activities and earn rank-up packages on Io."
2219212015,1084788061,"Complete Crucible matches and earn rank-up packages from Lord Shaxx."
2220014607,2376481550,"Exotic Archive at the Tower"
2231392547,3792720684,"Earned while leveling."
2237685612,174192097,"Acquired from the Menagerie aboard the Leviathan."
2244670570,3103325054,"Season Pass Reward"
2251946303,1051949956,"Complete Crucible matches and earn rank-up packages from Lord Shaxx."
2253890572,1120843239,"Earned while leveling."
2253890573,3246523828,"Earned while leveling."
2253890574,3246523831,"Earned while leveling."
2253890575,2936850734,"Adventure ""A Frame Job"" in the European Dead Zone"
2262626982,3723679465,"Complete activities in the Dreaming City."
2269983249,3001205424,"Salvager's Salvo Armament Quest"
2271366647,946443267,"Sundial Activity on Mercury"
2275682735,3016891299,""
2282695164,1886840007,"Episode: Echoes Activities"
2283820838,3293524502,"Nightfall"
2283993078,1342668638,"Earn rank-up packages from Lakshmi-2."
2283993079,1927800278,"Complete strikes and earn rank-up packages from Commander Zavala."
2283993080,1825472717,"Complete Trials tickets and earn rank-up packages from the Emissary of the Nine."
2283993081,2625782213,"Earn rank-up packages from Arach Jalaal."
2283993082,1885753220,"Complete activities and earn rank-up packages on Nessus."
2283993083,3906942101,"Leviathan raid."
2283993084,925326394,"Earn rank-up packages from Banshee-44."
2283993085,1885753223,"Complete activities and earn rank-up packages on Saturn's Moon, Titan."
2283993086,925326392,"Earn rank-up packages from Banshee-44."
2283993087,925326393,"Earn rank-up packages from Banshee-44."
2284436222,2931957300,"Exploring the Moon"
2284504867,1678957658,"Earned while leveling."
2285353217,3556999246,"Open Legendary engrams and earn faction rank-up packages."
2285399843,2323544076,"Season of the Haunted Activities"
2287445840,896923850,"Earn rank-up packages from Banshee-44."
2287445842,2168486467,"Complete strikes and earn rank-up packages from Commander Zavala."
2287445843,2621637518,"Complete Crucible matches and earn rank-up packages from Lord Shaxx."
2287445844,807192446,"Complete Iron Banner matches and earn rank-up packages from Lord Saladin."
2287445845,3329842376,"Earn rank-up packages from Lakshmi-2."
2287445846,1983332561,"Complete activities and earn rank-up packages on Nessus."
2287445847,1983332562,"Complete activities and earn rank-up packages on Io."
2287445850,4213221671,"Earn rank-up packages from Banshee-44."
2287445851,3886263130,"Leviathan, Eater of Worlds raid lair."
2288901089,2857348871,"Open Legendary engrams and earn faction rank-up packages."
2289185883,2905188646,"Wild Card Exotic Quest"
2289501267,370712896,"""The Stasis Prototype"" Quest"
2291988568,4230965989,"""Deep Stone Crypt"" Raid"
2298952179,2108920981,"Complete Iron Banner matches and earn rank-up packages from Lord Saladin."
2299563901,1056103557,"Grandmaster Nightfall"
2300465938,4289226715,"""Vault of Glass"" Raid"
2300770640,3005104939,"Complete Iron Banner matches and earn rank-up packages from Lord Saladin."
2300770641,3434629515,"Earn rank-up packages from Banshee-44."
2300770642,1159252500,"Complete activities and earn rank-up packages on Mars."
2300770643,1531295694,"Earn rank-up packages from Executor Hideo."
2300770644,3501969491,"Open Legendary engrams and earn faction rank-up packages."
2300770645,717150101,"World Quest ""Data Recovery"" on Mars."
2300770647,3242168339,"Complete activities in the Dreaming City."
2304223424,301362381,"Open Legendary engrams and earn faction rank-up packages."
2304223425,195440257,"Complete Crucible matches and earn rank-up packages from Lord Shaxx."
2304223426,218335759,"Open Legendary engrams and earn faction rank-up packages."
2304223427,301362380,"Complete wanted escapee bounties for the Spider."
2304223428,1720373217,"Complete strikes and earn rank-up packages from Commander Zavala."
2304223429,1443049976,"Earn rank-up packages from Executor Hideo."
2304223430,4146702548,"Complete strikes and earn rank-up packages from Commander Zavala."
2304223431,1489452902,"Flashpoint milestones; Legendary engrams."
2304223436,1120843238,"Earned while leveling."
2304223437,2936850735,"Red War Campaign"
2304608026,1952163498,"Season Pass Reward"
2305002668,4066778670,""
2317700362,3103255595,"Festival of the Lost"
2318862156,1665952087,"Exotic Archive at the Tower"
2324298318,3441197113,"Earned while leveling."
2329697053,3110698812,"Exotic Archive at the Tower"
2335550020,3354242550,"Complete this weapon's associated Crucible quest."
2339343652,566740455,"Season of the Chosen Nightfall Grandmaster"
2345955619,1890332078,"Open Legendary engrams and earn faction rank-up packages."
2347222640,3653573172,"""Vault of Glass"" Raid"
2352965634,2263839058,"Dungeon ""Duality"""
2353107568,3796795102,"Trials of Osiris Challenges"
2359604570,2821430069,"Complete strikes and earn rank-up packages from Commander Zavala."
2368844818,2563668388,"Season Pass Reward"
2368979466,3847137620,"Flawless Chest in Trials of Osiris"
2373640479,1854753405,"Nightfall"
2375343865,3821409356,"Season Pass Reward"
2377155207,2351747816,"Earned while leveling."
2384063741,859869931,"""Salvation's Edge"" Raid"
2385090622,996109059,"Complete strikes and earn rank-up packages from Commander Zavala."
2396888514,2405619467,"Flawless Chest in Trials of Osiris"
2409529739,2152484073,"Nightfall"
2411110031,1289796511,"Exploring Neomuna"
2415959508,616582330,"Earn Ranks in Vanguard, Crucible, or Gambit Playlists"
2416735700,2063217087,"Grandmaster Nightfall"
2423099022,3281285075,"""Deep Stone Crypt"" Raid"
2426968370,108221785,"Complete Iron Banner matches and earn rank-up packages from Lord Saladin."
2430541162,1766088024,"Fallen Empire Campaign"
2437758077,318443586,"Open Legendary engrams and earn faction rank-up packages."
2448549296,2591241074,"Complete strikes and earn rank-up packages from Commander Zavala."
2452254592,817909300,"Grandmaster Nightfall"
2455174113,2139640995,"""Grasp of Avarice"" Dungeon"
2479144625,487205709,"""Spire of the Watcher"" Dungeon"
2488582696,3951511045,"""Salvation's Edge"" Raid"
2489759048,1403800851,"Complete Iron Banner matches and earn rank-up packages from Lord Saladin."
2494569814,2839600459,"Trials of Osiris Challenges"
2497683665,586671776,"Solstice"
2500286745,400096939,"Exotic Archive at the Tower"
2500976255,3428521585,"""Vow of the Disciple"" Raid"
2505662511,3605603507,"Exploring the Pale Heart"
2510666623,2584830733,"Episode: Echoes"
2513122320,2824241403,"Crafted in a Black Armory forge."
2517268623,3776129137,"Earn rank-up packages from Banshee-44."
2518233336,3849810018,"Xûr's Treasure Hoard in Eternity"
2531753585,378498222,"Complete strikes and earn rank-up packages from Commander Zavala."
2537291543,2922749929,"Season of the Witch"
2538097077,1081724548,"""Ghosts of the Deep"" Dungeon"
2553509474,3371017761,"""Root of Nightmares"" Raid"
2561283913,2218569744,"Season of Plunder Activities"
2566448765,4153087276,"Season Pass Reward"
2567777596,1751893422,"Season of the Seraph Activities"
2570998690,1501688142,"Season of the Wish Activities"
2573011259,1626503676,"""Prophecy"" Dungeon"
2573048236,631439337,"""Vault of Glass"" Raid"
2573857509,502356570,"The Derelict Leviathan"
2576590154,3381450498,"""Warlord's Ruin"" Dungeon"
2578691790,2673925403,"Open Legendary engrams and earn faction rank-up packages."
2587053396,484515708,"""Root of Nightmares"" Raid"
2587153814,3438139008,"Earn Ranks in Vanguard, Crucible, or Gambit Playlists"
2589931336,3826803617,"Earn rank-up packages from Lakshmi-2."
2589931337,541053086,"Complete activities and earn rank-up packages on Mars."
2589931338,1350102270,"Complete activities and earn rank-up packages on Mars."
2589931339,3040742682,"Complete strikes and earn rank-up packages from Commander Zavala."
2589931340,3957603605,"Complete activities and earn rank-up packages on the Tangled Shore."
2589931342,3799980700,"Last Wish raid."
2591789001,135029084,"""Root of Nightmares"" Raid"
2596090783,1664372054,"Found in the ""Scourge of the Past"" raid."
2606709042,2516360525,"Complete Trials tickets and earn rank-up packages from the Emissary of the Nine."
2606709043,472169727,"Complete Osiris' Lost Prophecies for Brother Vance on Mercury."
2606709048,1885753222,"Complete activities and earn rank-up packages in the EDZ."
2606709049,273396910,"Earn rank-up packages from Banshee-44."
2606709050,4193877020,"Complete Crucible matches and earn rank-up packages from Lord Shaxx."
2606709051,1960218487,"Complete strikes and earn rank-up packages from Commander Zavala."
2606709052,3435238842,"Earn rank-up packages from Executor Hideo."
2606709053,3435238843,"Earn rank-up packages from Executor Hideo."
2606709054,2625782212,"Earn rank-up packages from Arach Jalaal."
2606709055,3890960908,"Complete Iron Banner matches and earn rank-up packages from Lord Saladin."
2608746788,1106635211,"Open Legendary engrams and earn faction rank-up packages."
2612870557,3383958218,"Earned while leveling."
2615208932,1289997971,"Sundial Activity on Mercury"
2618435518,715338174,"Complete Gambit Prime matches and increase your rank."
2625903481,1622998472,"Season of the Lost Ritual Playlists"
2629609052,3118061005,"//node.ovrd.AVALON// Exotic Quest"
2629609053,3118061004,"Strider Exotic Quest"
2636111176,3969379530,"Trials of Osiris Challenges"
2636634098,358788212,"Open Legendary engrams and earn faction rank-up packages."
2641288477,410996590,"Obelisk Bounties and Resonance Rank Increases Across the System"
2642954835,566740455,"Grandmaster Nightfall"
2643081286,1296429091,"Season of the Witch"
2643879156,2896109856,"Complete Iron Banner matches and earn rank-up packages from Lord Saladin."
2646449202,516243773,"Earn rank-up packages from Executor Hideo."
2656445298,2889501828,"Nightfall"
2665651956,1924276978,"Season of the Haunted Nightfall Grandmaster"
2666136284,1218113510,"Complete Iron Banner matches and earn rank-up packages from Lord Saladin."
2677096593,3461377698,"Crafted in a Black Armory forge."
2687004583,1354727549,"Grandmaster Nightfall"
2687698978,3103255595,"Festival of the Lost 2021"
2689028695,3118061005,"//node.ovrd.AVALON// Exotic Quest"
2691290257,3565520715,"Complete Gambit matches and earn rank-up packages from the Drifter."
2691348338,92459755,"Season of the Wish Activities"
2693995282,105164264,"Complete strikes and earn rank-up packages from Commander Zavala."
2694759742,2326716489,"Complete Iron Banner matches and earn rank-up packages from Lord Saladin."
2700771744,852551895,"Complete Iron Banner matches and earn rank-up packages from Lord Saladin."
2702567220,4211534763,"Earn rank-up packages from Banshee-44."
2702974835,3669616453,"""Prophecy"" Dungeon"
2709949679,2345794502,"Trials of Osiris Challenges"
2710413113,62937067,"Complete Iron Banner matches and earn rank-up packages from Lord Saladin."
2716100024,1650626965,"Earned while leveling."
2716100025,2842493170,"Adventure ""Road Rage"" on Io"
2716100027,1650626967,"Earned while leveling."
2721058040,531591353,"Earned while leveling."
2721058041,531591352,"Earned while leveling."
2727406439,1975125963,"Complete Gambit matches and earn rank-up packages from the Drifter."
2733297093,216983039,"Nightfall"
2737287244,3809805229,"Earned while leveling."
2737287245,3809805228,"Earned while leveling."
2737287247,3809805231,"Earned while leveling."
2741465947,3524313097,"Exotic Archive at the Tower"
2746608191,1912669214,"Season Pass Reward"
2753775220,2328923181,"Episode: Echoes"
2753823132,2378785953,"Flawless Chest in Trials of Osiris"
2766466404,720351794,"Complete wanted escapee bounties for the Spider."
2767270223,679281855,"Trials of Osiris Challenges"
2772136489,1948035256,"Complete strikes and earn rank-up packages from Commander Zavala."
2772970661,2009106091,"Earned during the seasonal Crimson Days event."
2777069736,3568377122,"Open Legendary engrams and earn faction rank-up packages."
2778858866,1679868061,"Xûr's Treasure Hoard in Eternity"
2790619332,392008588,"Season of Defiance"
2792506642,1167153950,"Complete seasonal activities during Season of the Undying."
2796429562,2734369894,"Earned while leveling."
2796429563,1870979911,"Complete Iron Banner matches and earn rank-up packages from Lord Saladin."
2796429565,3246523829,"Earned while leveling."
2796429566,1983332560,"Complete activities and earn rank-up packages in the EDZ."
2796429567,3252697558,"Earn rank-up packages from Arach Jalaal."
2796607130,1807343361,"Open Legendary engrams and earn faction rank-up packages."
2806704440,2778013407,"Season Pass Reward"
2817568609,3505113722,"""Vow of the Disciple"" Raid"
2817803243,603721696,"Exotic Archive at the Tower"
2818264918,1280933460,"Complete Iron Banner matches and earn rank-up packages from Lord Saladin."
2821854327,3199662972,"Earn rank-up packages from Banshee-44."
2822054049,3751622019,"Crafted in a Black Armory forge."
2825706382,3175851496,"The Witch Queen Campaign"
2829716754,2496242052,"Battlegrounds"
2833306532,1780464822,"Dungeon ""Duality"""
2833512393,2221264583,"""King's Fall"" Raid"
2842076592,2084878005,"Guardian Games"
2843753795,3121540812,"""The Final Strand"" Exotic Quest"
2845466341,2856514843,"Open Legendary engrams and earn faction rank-up packages."
2846095379,2009277538,"Complete strikes and earn rank-up packages from Commander Zavala."
2857012626,2429822977,"Acquired from the Menagerie aboard the Leviathan."
2857012627,2429822976,"An Exotic quest or challenge."
2860657974,1115104187,"Complete Gambit Prime matches and increase your rank."
2865348262,766323545,"Season Pass Reward"
2868464301,3037520408,"Seraph Bounties"
2869936453,308332265,"Complete Iron Banner matches and earn rank-up packages from Lord Saladin."
2875772929,1246793994,"Open Legendary engrams and earn faction rank-up packages."
2876088455,1331824604,"Open Legendary engrams and earn faction rank-up packages."
2877281325,2828278545,"""Crota's End"" Raid"
2877605423,4083045006,"Complete strikes and earn rank-up packages from Commander Zavala."
2879474030,1366394399,"Season of the Haunted Activities"
2882216430,3658188704,"Trials of Osiris Challenges"
2907169666,1723380073,"Open Legendary engrams and earn faction rank-up packages."
2911381640,3383958216,"Earned while leveling."
2915077857,3332125295,"Flawless Chest in Trials of Osiris"
2916918249,3493948735,"Earned while leveling."
2920190300,1064132738,"Grandmaster Nightfall"
2923059994,999767358,"""Vow of the Disciple"" Raid"
2924632392,3512014804,"Exotic Archive at the Tower"
2938946571,3926103986,"""Crota's End"" Raid"
2939822484,3258665412,"Complete Gambit matches and earn rank-up packages from the Drifter."
2946320117,2827764482,"Season of the Seraph Activities"
2948134329,3385326721,"""Garden of Salvation"" Raid"
2948791533,3197270240,"""Vault of Glass"" Raid"
2949246708,2465372924,"Complete activities in the Dreaming City."
2950996448,1529450902,"Open Legendary engrams and earn faction rank-up packages."
2953546804,64236626,"Earn rank-up packages from Banshee-44."
2953819756,480368036,"Complete Iron Banner matches and earn rank-up packages from Lord Saladin."
2962789260,3256453690,"Solstice"
2963869874,1502662697,"Adventure ""Invitation from the Emperor"" on Nessus"
2963869876,1813667283,"Earn rank-up packages from Arach Jalaal."
2963869877,3005879473,"Earn rank-up packages from Banshee-44."
2963869878,3909683950,"World Quest ""Dynasty"" on Io."
2963869879,2502422775,"Complete activities and earn rank-up packages on Io."
2976278840,136525518,"Complete Iron Banner matches and earn rank-up packages from Lord Saladin."
2978581922,355922321,"Complete activities in the Dreaming City."
2980339032,2531963421,"Season of Plunder Activities"
2982198544,3089417788,"World Quest ""Enhance!"" in the European Dead Zone."
2982198545,3954531357,"Leviathan raid."
2982198546,2700862858,"Complete activities and earn rank-up packages on Nessus."
2982198547,2517599010,"Flashpoint milestones; Legendary engrams."
2982198548,2700862859,"Open Legendary engrams and earn faction rank-up packages."
2982198549,2700862856,"Complete activities and earn rank-up packages on Saturn's Moon, Titan."
2982198550,566976652,"Earn rank-up packages from Banshee-44."
2982198551,566976654,"Earn rank-up packages from Banshee-44."
2982198558,2909905776,"Complete Iron Banner matches and earn rank-up packages from Lord Saladin."
2982198559,1339362514,"Earn rank-up packages from Lakshmi-2."
2989993924,3870811754,"Exploring the Moon"
2990170478,2372514508,"Into the Light"
2990170479,2372514509,"Into the Light"
2998976136,3991544422,"Complete Osiris' Lost Prophecies for Brother Vance on Mercury."
2998976137,3889907763,"Earn rank-up packages from Executor Hideo."
2998976138,2433826056,"Complete activities and earn rank-up packages on Mars."
2998976139,1587779165,"Earn rank-up packages from Arach Jalaal."
2998976140,2105827099,"Open Legendary engrams and earn faction rank-up packages."
2998976141,1723472487,"Escalation Protocol on Mars."
3008980338,1982711279,"Complete Iron Banner matches and earn rank-up packages from Lord Saladin."
3009564785,2326578623,"Solstice"
3009695027,2663204025,"Complete seasonal activities during Season of the Undying."
3010980245,4070357005,"""Spire of the Watcher"" Dungeon"
3011472098,1298815317,"Season Pass Reward"
3012304872,499245245,"Open Legendary engrams and earn faction rank-up packages."
3019220289,17096506,"Season Pass Reward"
3020227688,1387987271,"Season of the Risen Nightfall Grandmaster"
3020310886,1941816543,"""Vow of the Disciple"" Raid"
3024785986,1292594730,"Flawless Chest in Trials of Osiris"
3026573597,431721920,"""King's Fall"" Raid"
3033045975,3685470415,"Episode: Echoes Activities"
3034497829,2573900604,"Terminal Overload (Ahimsa Park)"
3034553563,3460122497,"Battlegrounds"
3045882477,1641430382,"Complete Iron Banner matches and earn rank-up packages from Lord Saladin."
3049215000,3383958219,"Earned while leveling."
3056237876,3635821806,"Lightfall Campaign"
3063390062,4176873718,"Earn Ranks in Vanguard, Crucible, or Gambit Playlists"
3066162258,654608616,"Complete this weapon's associated Crucible quest."
3069628260,3019024381,"Complete a flawless Trials ticket."
3074058273,1364093401,"Exotic Archive at the Tower"
3079577179,1788603939,"Complete Gambit matches and earn rank-up packages from the Drifter."
3087174152,4095462486,"Earn rank-up packages from Lakshmi-2."
3090458279,2588048270,"Open Legendary engrams and earn faction rank-up packages."
3094001295,1197486957,"Exploring Europa"
3113229393,2821677368,"Exploring the Pale Heart"
3115127081,2272041093,"Season of the Seraph Activities"
3117290048,4166221755,"Season Pass Reward"
3118508935,2187717691,"Terminal Overload (Zephyr Concourse)"
3120756787,3678653083,"Open Legendary engrams and earn faction rank-up packages."
3122691488,217140611,"Open Legendary engrams and earn faction rank-up packages."
3130759578,2199554524,"Complete Gambit matches and earn rank-up packages from the Drifter."
3137442377,1606497639,"Open Legendary engrams and earn faction rank-up packages."
3138631043,2231910050,"Complete Iron Banner matches and earn rank-up packages from Lord Saladin."
3141120586,3425561386,"Complete Trials tickets and earn rank-up packages from the Emissary of the Nine."
3141420526,1253087083,"Contact Public Event"
3151288832,1197771438,"Episode: Echoes Activities"
3162294999,2575506895,"Crafted in a Black Armory forge."
3170287599,2936850733,"Earned while leveling."
3171333980,3473290087,"Complete Crucible matches and earn rank-up packages from Lord Shaxx."
3182852161,1200824700,"""Prophecy"" Dungeon"
3187453636,2883484461,"Season of the Deep Activities"
3188567832,825554997,"Flawless Chest in Trials of Osiris"
3201201977,2121785039,"Season Pass Reward"
3203399706,2290416,"Complete Iron Banner matches and earn rank-up packages from Lord Saladin."
3204997118,2194955522,"Dungeon ""Duality"""
3207791447,2415517654,"Exotic Archive at the Tower"
3214556392,1013434963,"""Prophecy"" Dungeon"
3217136079,542573208,"Earn Ranks in Vanguard, Crucible, or Gambit Playlists"
3226757788,2448907086,"Complete strikes and earn rank-up packages from Commander Zavala."
3231668945,1216319404,"""Vault of Glass"" Raid"
3232935853,1248372789,"Season of the Risen"
3234437195,2671639706,"Complete strikes and earn rank-up packages from Commander Zavala."
3238556223,276080079,"Flawless Chest in Trials of Osiris"
3247834922,3341893443,"Open Legendary engrams and earn faction rank-up packages."
3249389111,3325463374,"Exotic engrams; extremely rare world drops."
3249689147,3612338554,"Into the Light"
3255628536,1119734784,"Season of the Splicer Activities"
3256611590,2351180975,"Trials of Osiris Challenges"
3257565710,1994645182,"Exploring the Throne World"
3260604717,153979399,"Reach Glory Rank ""Legend"" in the Crucible."
3260604718,153979396,"Glory Rank of ""Fabled"" in Crucible"
3269331830,411397829,"Complete Iron Banner matches and earn rank-up packages from Lord Saladin."
3271647331,4200122994,"Open Legendary engrams and earn faction rank-up packages."
3274625515,3434507093,"Complete Iron Banner matches and earn rank-up packages from Lord Saladin."
3275654322,3886719505,"""Warlord's Ruin"" Dungeon"
3281588926,1478986057,"Season Pass Reward"
3283231764,2969415423,"""Prophecy"" Dungeon"
3291495206,657927352,"Guardian Games 2024"
3313415273,3637669759,"Open Legendary engrams and earn faction rank-up packages."
3324472233,2188764214,"""Presage"" Exotic Quest"
3327909245,3504336176,"Complete Gambit Prime matches and increase your rank."
3329563152,541188001,"Season of the Splicer Activities"
3330240536,496728945,"Exploring the Pale Heart"
3332894632,839786290,"""Ghosts of the Deep"" Dungeon"
3336082853,3924212056,"Exploring the Moon"
3337984262,1168625549,"Season of the Seraph"
3343969643,2553946497,"Earned while leveling."
3354368573,3369545945,"Season Pass Reward"
3354615903,2886339027,"""Vow of the Disciple"" Raid"
3354691941,2891672170,"Complete strikes and earn rank-up packages from Commander Zavala."
3355850684,2198166292,"Episode: Echoes Activities"
3358696307,3483485727,"Earned during the seasonal Dawning event."
3361364534,1076810832,"Complete Iron Banner matches and earn rank-up packages from Lord Saladin."
3364740023,3335343363,"Open Legendary engrams and earn faction rank-up packages."
3364770124,1601177201,"Open Legendary engrams and earn faction rank-up packages."
3371544734,1179141605,"""The Lie"" Quest"
3375616691,4100775158,"Open Legendary engrams and earn faction rank-up packages."
3376099856,569799275,"Acquired from the Menagerie aboard the Leviathan."
3376687557,2870169846,"Exploring Europa"
3379327242,2680976411,"Earned during the seasonal Dawning event."
3394660195,4190932264,"Acquired from the Menagerie aboard the Leviathan."
3394951544,3830941962,"Episode Revenant Seasonal Activities"
3395832948,1921159786,"""Vault of Glass"" Raid"
3399616395,1586231351,"Complete strikes and earn rank-up packages from Commander Zavala."
3402127285,3472875143,"Season of the Lost Ritual Playlists"
3403234373,3206190066,"Earned during the seasonal Dawning event."
3411864064,3284383335,"""Salvation's Edge"" Raid"
3414131952,233896077,"Solstice"
3419080794,188882152,"Purchase from Lord Shaxx"
3424884099,1286686760,"Acquired from the raid ""Crown of Sorrow."""
3427300689,1298672084,"Episode: Echoes"
3431011405,3818198556,"Episode Revenant Seasonal Activities"
3433736744,1449922174,"Crafted in a Black Armory forge."
3438074564,3347946548,"Season of the Witch"
3441228242,4162642204,"Season of Plunder Grandmaster Nightfall"
3442130500,2883684343,"Season of the Seraph Grandmaster Nightfall"
3443227035,874623537,"Trials of Osiris Challenges"
3452922755,2714022207,"""Hunt for the Wrathborn"" Quest"
3460224980,1096206669,"""Prophecy"" Dungeon"
3460699273,867154247,"Open Legendary engrams and earn faction rank-up packages."
3463901839,471518543,"""Vault of Glass"" Raid"
3465658214,432716552,"Complete Iron Banner matches and earn rank-up packages from Lord Saladin."
3465971770,2806569825,"""Warlord's Ruin"" Dungeon"
3469300053,3236112986,"Season of the Deep Fishing"
3471068543,686951703,"Last Wish raid."
3479501008,3361694402,"Earned while leveling."
3488062093,568611923,"Into the Light"
3494738134,535198113,"""Salvation's Edge"" Raid"
3496120061,2300143112,"Trials of Osiris Challenges"
3497746292,1125217994,"""Ghosts of the Deep"" Dungeon"
3498687233,3637570176,"Flawless Chest in Trials of Osiris"
3503827325,2490988246,"The Derelict Leviathan"
3504774089,4005780578,"Trials of Osiris Challenges"
3506544149,3906357378,"Earned while leveling."
3515970092,3186018373,"""Vault of Glass"" Raid"
3519199874,2034215657,"Exploring Neomuna"
3529799394,1757129747,"Crafted in a Black Armory forge."
3539163966,268260372,"Season of Defiance"
3544133726,421573768,"Crafted in a Black Armory forge."
3545735621,1911060537,"Open Legendary engrams and earn faction rank-up packages."
3548815731,3356526253,"Complete Crucible matches and earn rank-up packages from Lord Shaxx."
3552071114,310708513,"Complete Crucible matches and earn rank-up packages from Lord Shaxx."
3552855013,2591746970,"Exotic Archive at the Tower"
3558330464,4174431791,"""Spire of the Watcher"" Dungeon"
3561980754,2050789284,"Complete Crucible matches and earn rank-up packages from Lord Shaxx."
3573051804,3588934839,"Exotic Archive at the Tower"
3576927281,3890055324,""
3582936817,1481892490,"Season of the Chosen Nightfall Grandmaster"
3584311877,417164956,"Exotic Archive at the Tower"
3585078810,1357080535,"Complete Iron Banner matches and earn rank-up packages from Lord Saladin."
3593833250,3796510434,"""Vault of Glass"" Raid"
3602500492,3761898871,"Exotic Archive at the Tower"
3603385130,2599338624,"Episode Revenant Seasonal Activities"
3605067627,1891321753,"Earned during the seasonal Dawning event."
3606372637,161675590,"Flawless Chest in Trials of Osiris"
3613141427,4207066264,"Exploring the Pale Heart"
3622509847,2599338625,"Episode Revenant Seasonal Activities"
3635627463,1392429335,"Earn rank-up packages from Executor Hideo."
3638089033,1406475890,"Earn rank-up packages from Arach Jalaal."
3641453409,2414141462,"Open Legendary engrams and earn faction rank-up packages."
3644093059,3871226707,"Festival of the Lost"
3648433278,1251729046,"Sundial Activity on Mercury"
3649084551,557165046,"Complete Iron Banner matches and earn rank-up packages from Lord Saladin."
3658493808,4233375372,"Open Legendary engrams and earn faction rank-up packages."
3659810405,664109750,"Open Legendary engrams and earn faction rank-up packages."
3662053832,1039915310,"""Salvation's Edge"" Raid"
3669858792,3998080529,"Open Legendary engrams and earn faction rank-up packages."
3673457516,412251536,"Episode: Echoes Activities"
3686153571,1619016919,"Earned while leveling."
3690882610,2891976012,"Earned while leveling."
3695595899,3141979346,"Exotic engrams; extremely rare world drops."
3706537327,1820994983,"Trials of Osiris Challenges"
3709294547,4293613902,"Pre-order Bonus"
3709604888,3514144928,"Flawless Chest in Trials of Osiris"
3718346521,1258168956,"""Salvation's Edge"" Raid"
3723101298,3654674561,"""Presage"" Exotic Quest"
3736539201,3686538757,"Nightfall"
3738310360,4225322581,"Open Legendary engrams and earn faction rank-up packages."
3744786918,1875512595,"Season of the Witch"
3759406135,3117873459,"Earned while leveling."
3761015140,1877183764,"Earned while leveling."
3767726769,3366545721,"""Deep Stone Crypt"" Raid"
3768324462,2060863616,"Salvager's Salvo Armament Quest"
3769246783,1678957656,"Earned while leveling."
3771459114,2035738085,"Glory Matches in Crucible"
3774260370,2850664015,"Complete Gambit matches and earn rank-up packages from the Drifter."
3776019065,3615421669,"Open Legendary engrams and earn faction rank-up packages."
3785585682,1098171824,"""Crota's End"" Raid"
3788698912,3860697510,"Earn rank-up packages from Banshee-44."
3788698913,2145476623,"Complete activities and earn rank-up packages on Saturn's Moon, Titan."
3788698914,1351035691,"Complete strikes and earn rank-up packages from Commander Zavala."
3788698915,3860697508,"Earn rank-up packages from Banshee-44."
3788698916,468276817,"Complete Crucible matches and earn rank-up packages from Lord Shaxx."
3788698917,3285365666,"Complete Osiris' Lost Prophecies for Brother Vance on Mercury."
3788698918,2145476622,"Complete activities and earn rank-up packages on Nessus."
3788698919,2693941407,"Earn rank-up packages from Executor Hideo."
3788698922,2071412133,"Complete Trials tickets and earn rank-up packages from the Emissary of the Nine."
3788698923,2817949113,"Earn rank-up packages from Lakshmi-2."
3791080755,1711056134,"Trials of Osiris Challenges"
3791668104,1141547457,"Complete Iron Banner matches and earn rank-up packages from Lord Saladin."
3794278126,711899775,"Earned while leveling."
3799114514,435821040,"""Prophecy"" Dungeon"
3799114515,435821041,"""Prophecy"" Dungeon"
3799404540,3569407878,"""Salvation's Edge"" Raid"
3803814194,2298039571,"Nightfall"
3805476497,4077196130,"Complete Gambit matches and earn rank-up packages from the Drifter."
3805476501,3866356643,"World Quest ""Data Recovery"" on Mars."
3805476502,334171687,"Complete activities in the Dreaming City."
3805476503,1178886909,"Complete activities and earn rank-up packages on the Tangled Shore."
3805565173,3832743906,"Nightfall"
3810283242,2535142413,"""The Evidence Board"" Exotic Quest"
3810740723,580961571,"Complete the ""Loaded Question"" quest from Zavala."
3819470148,2034817450,"Complete Gambit matches and earn rank-up packages from the Drifter."
3826612761,2910326942,"""Starcrossed"" Mission"
3828638779,1476654960,"""Prophecy"" Dungeon"
3830703103,578459533,"Complete this weapon's associated Vanguard quest."
3834693173,250721843,"Complete activities in the Dreaming City."
3844835635,2782847179,"Altars of Sorrow"
3849455378,4094657108,"Last Wish raid."
3853544141,3383958217,"Earned while leveling."
3854117409,4255171531,"Nightfall"
3855247109,3850168899,"Sundial Activity on Mercury"
3866803860,3698448090,"Exotic Mission Encore"
3868927795,172461430,"""Salvation's Edge"" Raid"
3873615180,3593598010,"Iron Banner Salvager's Salvo Armament"
3874569116,3794274730,"Episode: Echoes Activities"
3875807583,1891561814,"Exotic Archive at the Tower"
3883922841,2306182339,"""Spire of the Watcher"" Dungeon"
3884474656,3027844940,"Earn rank-up packages from Banshee-44."
3884474657,3027844941,"Earn rank-up packages from Banshee-44."
3888477307,2826850739,"Complete strikes and earn rank-up packages from Commander Zavala."
3889439654,1195725819,"Red War Campaign"
3889439655,772531208,"Earned while leveling."
3895764276,653875712,"Earned while leveling."
3895764277,653875714,"Earned while leveling."
3895764279,1595336070,"Adventure ""Arecibo"" on Io"
3898818328,1762785662,"Vesper's Host"
3907410769,3937866388,"Seraph Bounties"
3911566636,1801007332,"Exploring the Pale Heart"
3921390401,297296830,"Exploring the Throne World"
3921915789,501345268,"Flawless Chest in Trials of Osiris"
3921932385,1028124540,"Complete Iron Banner matches and earn rank-up packages from Lord Saladin."
3923108273,1496419775,"Acquired from the raid ""Crown of Sorrow."""
3925629156,3165143747,"Trials of Osiris Challenges"
3935854305,3487253372,"""Lost Lament"" Exotic Quest"
3940214027,4132072834,"Season of the Witch"
3943639868,3428407746,"Complete Iron Banner matches and earn rank-up packages from Lord Saladin."
3944856204,3009199534,"Trials of Osiris Challenges"
3960974587,3123651616,"""Salvation's Edge"" Raid"
3961745685,1457394908,"Earned while leveling."
3963628937,4148143418,"Crafted in a Black Armory forge."
3965308792,3610521673,"Grandmaster Nightfall"
3965430935,711899773,"Earned while leveling."
3972149937,838556752,"Associated Gambit Quest"
3977456748,2903592984,"Adventure ""Thief of Thieves"" on Saturn's Moon, Titan"
3977456750,2860172149,"Earned while leveling."
3977456751,2860172150,"Earned while leveling."
3978733247,304659313,"Season of the Splicer Activities"
3990731500,407511664,"""Crota's End"" Raid"
3991329385,711899774,"Earned while leveling."
3993243365,1669771782,"Earned while leveling."
3993243366,1669771783,"Earned while leveling."
3993243367,3627718345,"Adventure ""Getting Your Hands Dirty"" in the European Dead Zone"
3995207026,4095896073,"""Garden of Salvation"" Raid"
4004455465,1018777295,"Complete Trials tickets and earn rank-up packages from the Emissary of the Nine."
4007910767,854379020,"Flawless Chest in Trials of Osiris"
4009683574,3973202132,"Exotic Archive at the Tower"
4013276276,3849444474,"Season of the Seraph Activities"
4017656006,120706239,"""Crota's End"" Raid"
4021830821,1016668089,"Exploring the Moon"
4022406264,3612142623,"Open Legendary engrams and earn faction rank-up packages."
4022788327,2891976013,"Earned while leveling."
4026118371,1402766122,"Open Legendary engrams and earn faction rank-up packages."
4027219968,1363886209,"""And Out Fly the Wolves"" Quest"
4028619088,2812324401,"""Vox Obscura"" Exotic Quest"
4028619089,2812324400,"""Of Queens and Worms"" Exotic Quest"
4029110289,2220884262,"Complete Iron Banner matches and earn rank-up packages from Lord Saladin."
4029358072,432476743,"Nightfall"
4034088016,3906357376,"Earned while leveling."
4037097478,792755504,"Complete strikes and earn rank-up packages from Commander Zavala."
4042922180,4106757302,"Solstice"
4044992895,4292849692,"Complete Iron Banner matches and earn rank-up packages from Lord Saladin."
4045282142,2914913838,"Grandmaster Nightfall"
4047371119,3993415705,"Glory Rank of ""Fabled"" in Crucible"
4059927720,1903182562,"Complete Crucible matches and earn rank-up packages from Lord Shaxx."
4073404004,577528837,"Open Legendary engrams and earn faction rank-up packages."
4076354634,3337727085,"Earn Ranks in Vanguard, Crucible, or Gambit Playlists"
4077400965,2481758391,"""Prophecy"" Dungeon"
4077552225,1775804198,"Crafted in a Black Armory forge."
4086234293,208088207,"""Pit of Heresy"" Dungeon"
4089290699,3813153080,"Complete Iron Banner matches and earn rank-up packages from Lord Saladin."
4090184492,447296102,"Open Legendary engrams and earn faction rank-up packages."
4093353117,4037745684,"Exploring Europa"
4093625570,1911078836,"Earned during the seasonal Dawning event."
4100827693,1399243961,"Trials of Osiris"
4106136257,2607304614,"The Witch Queen Campaign"
4107222257,4207120603,"Exploring the Pale Heart"
4111197440,4152016199,"Complete Crucible matches and earn rank-up packages from Lord Shaxx."
4116184726,2697058914,"Associated Crucible Quest"
4126754457,1123421440,"Season of the Deep"
4133398550,768621510,"""Vow of the Disciple"" Raid"
4133722902,2349907931,"Complete strikes and earn rank-up packages from Commander Zavala."
4137134691,1173780905,"Flawless Chest in Trials of Osiris"
4148109496,893527433,"Battlegrounds"
4150707857,2591586263,"Earned while leveling."
4150808298,1856262127,"Solstice"
4151753667,2314999489,"Complete seasonal activities during Season of the Undying."
4152291942,2638190703,"Trials of Osiris Challenges"
4156650817,1491665733,"""Root of Nightmares"" Raid"
4157972204,2582755344,"Seraph Bounties"
4159017073,2342054803,"Open Legendary engrams and earn faction rank-up packages."
4159213895,1561006927,"Seraph Bounties"
4165423054,2186258845,"Found in the ""Scourge of the Past"" raid."
4169397592,1162247618,"Open Legendary engrams and earn faction rank-up packages."
4191021971,2563012876,"""Grasp of Avarice"" Dungeon"
4200156515,2002522739,"Flawless Chest in Trials of Osiris"
4202125899,1337707096,"Season Pass Reward"
4203391139,2595497736,"The Witch Queen Campaign"
4206062996,4195186942,"Episode: Echoes Activities"
4207100358,2816212794,"Exotic Archive at the Tower"
4208352705,525750263,"Earn rank-up packages from Banshee-44."
4209042351,1999754402,"Season of the Witch"
4209826372,2742490609,"""Prophecy"" Dungeon"
4209855933,3667553455,"Nightfall"
4210248259,3105930175,"Earn Ranks in Vanguard, Crucible, or Gambit Playlists"
4214712209,299665907,"Complete Gambit Prime matches and increase your rank."
4217555558,1678957657,"Earned while leveling."
4223516920,4114929480,"Open Legendary engrams and earn faction rank-up packages."
4226434173,449318888,"""What Remains"" Exotic Quest"
4226730069,4039572196,"Trials of Osiris Challenges"
4228109048,4020742303,"""Garden of Salvation"" Raid"
4231368881,2073794990,"Glory Matches in Crucible"
4235268617,42874240,"Nightfall"
4237998987,1030895163,"The Dawning."
4240891579,963710795,"Open Legendary engrams and earn faction rank-up packages."
4257745796,161537636,"Complete Osiris' Lost Prophecies for Brother Vance on Mercury."
4257745797,1523647826,"Earn rank-up packages from Arach Jalaal."
4257745800,1187594590,"Complete Trials tickets and earn rank-up packages from the Emissary of the Nine."
4257745801,4425887,"Complete Iron Banner matches and earn rank-up packages from Lord Saladin."
4257745802,1587439031,"Earn rank-up packages from Arach Jalaal."
4257745803,1674742470,"Complete Crucible matches and earn rank-up packages from Lord Shaxx."
4257745804,339163900,"Complete strikes and earn rank-up packages from Commander Zavala."
4257745805,1513927137,"Open Legendary engrams and earn faction rank-up packages."
4257745806,1291586825,"Flashpoint milestones; Legendary engrams."
4257745807,1513927138,"Complete activities and earn rank-up packages in the EDZ."
4265244308,2302346155,"Season of the Seraph"
4273799635,3569802112,"Open Legendary engrams and earn faction rank-up packages."
4274523513,4138174248,"Open Legendary engrams and earn faction rank-up packages."
4274523514,568515759,"Last Wish raid."
4274523515,2712244741,"Complete Gambit matches and earn rank-up packages from the Drifter."
4274523516,191996029,"Glory Rank of ""Fabled"" in Crucible"
4274523517,1178397319,"Flashpoint milestones; Legendary engrams."
4274523518,3529780349,"Complete Crucible matches and earn rank-up packages from Lord Shaxx."
4274523519,1760543913,"Earn rank-up packages from Executor Hideo."
4288160584,2561659919,"Earn rank-up packages from Banshee-44."
4289495235,4157959959,"Earned while leveling."
4291970465,2140635451,"Complete activities in the Dreaming City."
4292174261,2708806099,"Xûr's Treasure Hoard in Eternity"
4646343,1942069133,"Complete Iron Banner matches and earn rank-up packages from Lord Saladin."
18686120,4287947559,"Season of the Deep Fishing"
24541428,3211806999,"Exotic Archive at the Tower"
37988050,1621657423,"Fallen Empire Campaign"
38531280,2213848862,"Earned while leveling."
38531281,2213848863,"Earned while leveling."
38531282,2213848860,"Earned while leveling."
38531283,3627718344,"Adventure ""Poor Reception"" in the European Dead Zone"
41963268,2478792241,"Trials of Osiris Challenges"
47014674,4017959782,"Exotic Archive at the Tower"
48108207,2278995296,"Complete Crucible matches and earn rank-up packages from Lord Shaxx."
52943540,2022294213,"Trials of Osiris Challenges"
53046014,1873270090,"Earn rank-up packages from Banshee-44."
77011569,2721157927,"Wellspring Boss Vezuul, Lightflayer"
77226437,1234150730,"Season Pass Reward"
90522691,3441197112,"Earned while leveling."
90968716,3166250992,"Complete Iron Banner matches and earn rank-up packages from Lord Saladin."
93597324,3489657138,"Open Legendary engrams and earn faction rank-up packages."
96571197,2481881293,"Open Legendary engrams and earn faction rank-up packages."
101171070,2817683783,"Season of the Wish Activities"
115888288,1866778462,"Season of the Lost Nightfall Grandmaster"
120446964,653875715,"Earned while leveling."
120446965,653875713,"Earned while leveling."
120970737,491078457,"Complete strikes and earn rank-up packages from Commander Zavala."
133559652,701922966,"Complete Iron Banner matches and earn rank-up packages from Lord Saladin."
135066349,4156253727,"Complete strikes and earn rank-up packages from Commander Zavala."
136089723,3262192268,"""Ghosts of the Deep"" Dungeon"
143020969,1107446438,"Complete Gambit matches and earn rank-up packages from the Drifter."
152285205,2126178511,"Episode: Echoes Activities"
152623661,79075821,"Acquired from the Menagerie aboard the Leviathan."
161963863,1441805468,"""Ghosts of the Deep"" Dungeon"
166875863,1366917989,"Flawless Chest in Trials of Osiris"
171873651,1865351684,"Complete Iron Banner matches and earn rank-up packages from Lord Saladin."
173507435,3245493570,"Flawless Chest in Trials of Osiris"
173880226,427899681,"Season Pass Reward"
178824720,413901114,"Festival of the Lost"
179076193,2913577176,"Episode Revenant Seasonal Activities"
185507353,3164743584,"Trials of Osiris"
188603154,1835747805,"Open Legendary engrams and earn faction rank-up packages."
192937277,1802135586,"""King's Fall"" Raid"
199171382,2044500762,"Exotic engrams; extremely rare world drops."
199171383,3766045777,"Exotic engrams; extremely rare world drops."
199171384,2694576561,"Exotic engrams; extremely rare world drops."
199171385,2069224589,"Last Wish raid."
199171386,4036115577,"Exotic Archive at the Tower"
199171387,1864563948,"Exotic Archive at the Tower"
199171388,3899270607,"Exotic engrams; extremely rare world drops."
199171389,3580904580,"Exotic Archive at the Tower"
199171390,1508896098,"Exotic engrams; extremely rare world drops."
199171391,3549153979,"Exotic engrams; extremely rare world drops."
200574517,1466006054,"""Vow of the Disciple"" Raid"
202844183,3867373351,"Exploring the Pale Heart"
203521123,1034055198,"""Crota's End"" Raid"
204024317,2753269585,"Found in the ""Scourge of the Past"" raid."
210422559,3629968765,"""Prophecy"" Dungeon"
212327289,982229638,"Complete Iron Banner matches and earn rank-up packages from Lord Saladin."
217750584,522366885,"""Root of Nightmares"" Raid"
221021254,2910326942,"""Starcrossed"" Mission"
222871486,3704653637,"Crafted in a Black Armory forge."
230256100,3138208275,"""Spire of the Watcher"" Dungeon"
233566234,2443900757,"Season of the Lost Nightfall Grandmaster"
245622608,4019668921,"Open Legendary engrams and earn faction rank-up packages."
252116654,4096943616,"Season of the Risen"
255508929,3652506829,"Dungeon ""Duality"""
256984752,601592879,"Last Wish raid."
256984754,4014434381,"Complete activities and earn rank-up packages on Mars."
256984755,819441402,"Open Legendary engrams and earn faction rank-up packages."
256984756,3188460622,"Complete Osiris' Lost Prophecies for Brother Vance on Mercury."
256984757,1842303080,"Earn rank-up packages from Arach Jalaal."
256984758,3393130645,"Complete strikes and earn rank-up packages from Commander Zavala."
256984759,3920811074,"Earn rank-up packages from Banshee-44."
273762336,705774642,"Earn rank-up packages from Executor Hideo."
273762337,3854359821,"Earn rank-up packages from Lakshmi-2."
273762344,3778520451,"Earn rank-up packages from Banshee-44."
273762345,3336215727,"Complete Crucible matches and earn rank-up packages from Lord Shaxx."
273762346,1327432221,"Open Legendary engrams and earn faction rank-up packages."
273762347,3778520449,"Earn rank-up packages from Banshee-44."
273762348,3762467076,"Complete activities and earn rank-up packages on Nessus."
273762349,3762467077,"Complete activities and earn rank-up packages on Saturn's Moon, Titan."
273762350,1909527966,"Complete Trials tickets and earn rank-up packages from the Emissary of the Nine."
273762351,3762467079,"Complete activities and earn rank-up packages on Io."
274937845,3904516037,"""King's Fall"" Raid"
282259112,1184692845,"""King's Fall"" Raid"
284675832,3361694400,"Earned while leveling."
284675833,3361694401,"Earned while leveling."
284675835,3361694403,"Earned while leveling."
286393886,3228096719,"""King's Fall"" Raid"
287565646,2728851518,"Earned during the seasonal Dawning event."
301231525,2721249463,"Last Wish raid."
301231526,3410721600,"Open Legendary engrams and earn faction rank-up packages."
301231527,720351795,"Open Legendary engrams and earn faction rank-up packages."
304264256,2723241847,"Sundial Activity on Mercury"
306512670,3250744600,"Grandmaster Nightfall"
319990542,2978226043,"Season Pass Reward"
328283190,542203595,"""The Evidence Board"" Exotic Quest"
329179786,1289324202,"Season Pass Reward"
332827543,820890091,"Season Pass Reward"
344990537,1509167284,"Season of Plunder Activities"
346663290,2742838701,"Open Legendary engrams and earn faction rank-up packages."
346663291,2742838700,"Open Legendary engrams and earn faction rank-up packages."
357227305,433905699,"Complete Iron Banner matches and earn rank-up packages from Lord Saladin."
357540293,2119346509,"Open Legendary engrams and earn faction rank-up packages."
360254771,3824673936,"Exotic Archive at the Tower"
360554695,46125926,"""Vox Obscura"" Exotic Quest"
361205793,2272470786,"Open Legendary engrams and earn faction rank-up packages."
363736932,3193598749,"Flawless Chest in Trials of Osiris"
366276961,213264394,"Nightfall"
367717307,1386601612,"Crafted in a Black Armory forge."
370629104,568611922,"Into the Light"
370629107,568611921,"Into the Light"
370915961,3232203524,"Exploring the Pale Heart"
380801123,65611680,"Complete Iron Banner matches and earn rank-up packages from Lord Saladin."
381317609,2199171672,"Complete Gambit Prime matches and increase your rank."
382907867,42351395,"Exploring Europa"
383633911,1028582252,"Nightfall"
384369180,3550697748,"Earned while leveling."
389949034,3717177717,"Iron Banner Salvager's Salvo Armament"
396432035,2603483885,"Higher Difficulty Empire Hunts"
404495429,2767393525,"Open Legendary engrams and earn faction rank-up packages."
407162264,3423493037,"Episode Revenant Seasonal Activities"
413270680,294129361,"Guardian Games 2022"
413978351,507038823,"""Prophecy"" Dungeon"
423773963,1786797708,"Open Legendary engrams and earn faction rank-up packages."
434908826,2276328320,"Earn Ranks in Vanguard, Crucible, or Gambit Playlists"
441593589,2209451511,"Earned while leveling."
444633185,3926811686,"Open Legendary engrams and earn faction rank-up packages."
449896716,3824673936,"Exotic Archive at the Tower"
458000219,534775659,"Season of the Splicer Nightfall Grandmaster"
461401987,3561203890,"Pre-order Bonus"
464393446,1332123064,"Nightfall"
467760883,3664831848,"Dungeon ""Duality"""
472816466,2763843899,"Into the Light"
472816467,2763843898,"Into the Light"
474322793,2928437919,"Earn rank-up packages from Arach Jalaal."
478622552,3460576091,"Exotic Archive at the Tower"
486058705,2039776723,"Complete strikes and earn rank-up packages from Commander Zavala."
486102898,786352912,"""Vow of the Disciple"" Raid"
487194039,575830664,"Nightfall"
490046904,1650626966,"Earned while leveling."
490046906,2842493171,"Adventure ""Supply and Demand"" in the European Dead Zone"
490046907,1650626964,"Earned while leveling."
493269872,1281822858,"Earned while leveling."
493269873,1195725818,"Adventure ""Stop and Go"" in the European Dead Zone"
493269875,1281822859,"Earned while leveling."
495529684,3185293912,"Earned while leveling."
495529685,3185293913,"Earned while leveling."
495529687,3185293915,"Earned while leveling."
496133849,2026755633,"Open Legendary engrams and earn faction rank-up packages."
510409574,2097055732,"Season Pass Reward"
519280928,2453357042,"Season Pass Reward"
523089075,2213848861,"Earned while leveling."
524170623,2026087437,"Dungeon ""Duality"""
524987450,3483591058,"""Prophecy"" Dungeon"
526244752,3690523502,"Exploring the Moon"
527295602,4124357815,"Acquired from the Menagerie aboard the Leviathan."
531430933,3906357377,"Earned while leveling."
532221690,613334176,"""Vow of the Disciple"" Raid"
536672563,2972949637,"""Root of Nightmares"" Raid"
536976377,2591257541,"Nightfall"
543982652,3907337522,"Complete this weapon's associated Vanguard quest."
545218287,1983149589,"Exotic Archive at the Tower"
549930319,1815105249,"Into the Light"
564802912,3437746471,"Exotic engrams; extremely rare world drops."
564802913,1331482397,"Exotic Archive at the Tower"
564802914,2286143274,"Exotic engrams; extremely rare world drops."
564802915,3844694310,"Exotic engrams; extremely rare world drops."
564802916,2907129556,"Exotic Archive at the Tower"
564802917,1345867570,"Exotic engrams; extremely rare world drops."
564802918,2362471601,"Exotic Archive at the Tower"
564802919,3628991659,"Exotic engrams; extremely rare world drops."
564802924,1541131350,"Exotic engrams; extremely rare world drops."
564802925,2856683562,"Exotic engrams; extremely rare world drops."
566277055,1731355324,"Season of the Seraph"
569931285,1851521408,"Open Legendary engrams and earn faction rank-up packages."
576291615,1974641289,"Season of the Witch"
577730346,293505772,"Earn rank-up packages from Lakshmi-2."
579156770,6857689,"Open Legendary engrams and earn faction rank-up packages."
585051166,2434225986,"Season Pass Reward"
585522107,4209476803,"Exploring the Pale Heart"
598041673,1678205741,"Season of the Deep Fishing"
604207743,2351747817,"Earned while leveling."
613394897,2591586260,"Earned while leveling."
620133627,1144014195,"Complete Iron Banner matches and earn rank-up packages from Lord Saladin."
622741819,268260373,"Season of Defiance"
622760317,3110377595,"Complete Crucible matches and earn rank-up packages from Lord Shaxx."
623401167,407621213,"Contact Public Event"
631546302,2759590322,"Nightfall"
634586904,2171478765,"""Vault of Glass"" Raid"
651531704,3067821200,"Altars of Sorrow"
652375168,1281822857,"Earned while leveling."
652375170,1195725817,"Adventure ""Exodus Siege"" on Nessus"
652375171,1281822856,"Earned while leveling."
653763964,3856705927,"Acquired from Xûr"
659665790,3809805230,"Earned while leveling."
664031879,2598420927,"Episode Revenant Seasonal Activities"
671455614,1854753404,"Nightfall"
672696434,3165547384,"Open Legendary engrams and earn faction rank-up packages."
680744604,2130875369,"Episode Revenant Seasonal Activities"
688271246,2715240478,"Purchase from Lord Shaxx"
701510383,3465233192,"Complete Iron Banner matches and earn rank-up packages from Lord Saladin."
701625206,3668817296,"""Warlord's Ruin"" Dungeon"
720998891,959037361,"Grandmaster Nightfall"
724059973,4050645223,"""Vault of Glass"" Raid"
724063816,1492522228,"Grandmaster Nightfall"
724544744,2761869150,"Episode Revenant Seasonal Activities"
728343124,3493494807,"""Root of Nightmares"" Raid"
731240040,1518042135,"Earn rank-up packages from Banshee-44."
731240041,1518042134,"Earn rank-up packages from Banshee-44."
738398423,254636484,"Season of the Haunted Activities"
740275358,1681583613,"Exploring the Pale Heart"
741217302,1139727256,"Season of the Deep Fishing"
741454304,2782325302,"Open Legendary engrams and earn faction rank-up packages."
741454306,2782325300,"Open Legendary engrams and earn faction rank-up packages."
741454307,2782325301,"Open Legendary engrams and earn faction rank-up packages."
743238134,2591586261,"Earned while leveling."
750435380,825495813,"Episode Revenant Seasonal Activities"
753200559,2399110176,"""Deep Stone Crypt"" Raid"
756545446,2558925366,"Season of the Wish Activities"
760708739,1473821207,"""Operation Seraph's Shield"" Mission"
760815923,676270382,"Complete Gambit matches and earn rank-up packages from the Drifter."
764311193,364665267,"Flawless Chest in Trials of Osiris"
772825497,2508948099,"Season of Defiance"
773381624,48643186,"""Garden of Salvation"" Raid"
773388767,1046651176,"Complete Gambit matches and earn rank-up packages from the Drifter."
773726759,2257180473,"Open Legendary engrams and earn faction rank-up packages."
778561967,776191470,"Exotic Archive at the Tower"
780886262,177568179,"Festival of the Lost"
782174678,2993554824,"Season of the Wish Activities"
787472397,1762785663,"Vesper's Host"
788608986,2006308129,"Season of the Haunted Nightfall Grandmaster"
794866144,3319810952,"""Crota's End"" Raid"
794866145,3319810953,"""Crota's End"" Raid"
800460693,3962575203,"Complete Gambit matches and earn rank-up packages from the Drifter."
801496733,1555959830,"""Spire of the Watcher"" Dungeon"
803517854,548958835,"Xûr's Treasure Hoard in Eternity"
805398944,2823644677,"Episode Revenant Seasonal Activities"
812312823,128782990,"""Crota's End"" Raid"
820532764,1967303408,"Complete Iron Banner matches and earn rank-up packages from Lord Saladin."
822994339,3211624072,"Complete Iron Banner matches and earn rank-up packages from Lord Saladin."
829387809,1019000888,"Open Legendary engrams and earn faction rank-up packages."
832124045,1642384931,"Acquired from the Menagerie aboard the Leviathan."
833397635,3184681056,"Season Pass Reward"
834794895,3782662983,"""Crota's End"" Raid"
834954219,1612781792,"Complete Crucible matches and earn rank-up packages from Lord Shaxx."
838498379,423343404,"Open Legendary engrams and earn faction rank-up packages."
839345633,3055790362,"The Derelict Leviathan"
843352923,4184808992,"""Forging Your Own Path"" Quest"
847599268,4169225313,"Solstice"
850147147,1973107014,"Trials of Osiris Challenges"
853534062,847329160,"Complete the ""A Loud Racket"" quest."
853845035,1796949035,"Complete Iron Banner matches and earn rank-up packages from Lord Saladin."
856683335,1877183765,"Earned while leveling."
857252104,811403305,"Terminal Overload (Límíng Harbor)"
859238838,2738601016,"Trials of Osiris Challenges"
874595884,4106983932,"Open Legendary engrams and earn faction rank-up packages."
875308170,1669771781,"Earned while leveling."
875308171,1669771780,"Earned while leveling."
882572881,3260753130,"Exotic Archive at the Tower"
885173799,2510526114,"Complete Crucible matches and earn rank-up packages from Lord Shaxx."
888224289,2232171099,"An Exotic quest or challenge."
888476397,372697604,"Open Legendary engrams and earn faction rank-up packages."
889740011,66875353,"The Dawning."
891647018,833898322,"""Crota's End"" Raid"
896471480,906840740,"Trials of Osiris Challenges"
907544173,2694044463,"Earned while leveling."
912599803,1645386487,"Exploring the Moon"
916585710,2338088853,"Acquired from the raid ""Crown of Sorrow."""
932910932,2744715540,"Complete Gambit Prime matches and increase your rank."
935628460,2164448701,"Altars of Sorrow"
940862954,1572896086,"Season of the Risen"
942505591,1456017061,"Open Legendary engrams and earn faction rank-up packages."
946860409,1058098236,"Episode: Echoes Activities"
954520572,1757202961,"""Ghosts of the Deep"" Dungeon"
957844537,3738678140,"Complete Gambit matches and earn rank-up packages from the Drifter."
958242187,607191995,"Contact Public Event"
961181035,177568179,"Festival of the Lost 2018."
965332013,2350330520,"Episode: Echoes Activities"
965656341,3959549446,"Open Legendary engrams and earn faction rank-up packages."
974573063,3409645497,"Open Legendary engrams and earn faction rank-up packages."
982798874,1931556011,"Found in the ""Scourge of the Past"" raid."
985132347,219145368,"Season Pass Reward"
986465102,1513993763,"""Hunt for the Wrathborn"" Quest"
987461028,2903592987,"Adventure ""Hack the Planet"" on Nessus"
987461029,2860172151,"Earned while leveling."
987461030,2860172148,"Earned while leveling."
1013990986,1050806815,"Into the Light"
1018453227,1135050595,"Season of the Risen Nightfall Grandmaster"
1021761901,342514437,"""Root of Nightmares"" Raid"
1022317044,2817798849,"Crafted in a Black Armory forge."
1025009292,2800870005,"Open Legendary engrams and earn faction rank-up packages."
1028725073,2179048386,"""Magnum Opus"" Quest"
1030121919,3007479950,"Guardian Games 2023"
1032868075,3753063346,"Open Legendary engrams and earn faction rank-up packages."
1037734031,655712834,"Guardian Games 2022"
1041306080,2478247171,"Earn rank-up packages from Executor Hideo."
1041306081,3190698551,"Complete Crucible matches and earn rank-up packages from Lord Shaxx."
1041306082,1887808042,"Escalation Protocol on Mars."
1041306083,2957367743,"Complete strikes and earn rank-up packages from Commander Zavala."
1041306084,2248667690,"Complete Osiris' Lost Prophecies for Brother Vance on Mercury."
1041306085,2707464805,"Leviathan, Eater of Worlds raid lair."
1041306086,94729174,"Complete Iron Banner matches and earn rank-up packages from Lord Saladin."
1041306087,3929685100,"Earn rank-up packages from Lakshmi-2."
1041306092,2217366863,"Complete Gambit matches and earn rank-up packages from the Drifter."
1041306093,1327264046,"Open Legendary engrams and earn faction rank-up packages."
1042746134,235827225,"""Grasp of Avarice"" Dungeon"
1043732574,445197843,"""Salvation's Edge"" Raid"
1055529450,1687353095,"Open Legendary engrams and earn faction rank-up packages."
1056275348,1184309824,"Season of Plunder Activities"
1056862623,4164201232,"""Grasp of Avarice"" Dungeon"
1058083664,1879212552,"Complete Trials tickets and earn rank-up packages from the Emissary of the Nine."
1058083665,515224227,"Flashpoint milestones; Legendary engrams."
1058083666,731147179,"Complete activities and earn rank-up packages on Io."
1058083667,731147177,"Complete activities and earn rank-up packages in the EDZ."
1058083668,731147178,"Open Legendary engrams and earn faction rank-up packages."
1058083669,2703340117,"Earn rank-up packages from Banshee-44."
1058083670,1325579289,"Complete Crucible matches and earn rank-up packages from Lord Shaxx."
1058083671,3582424018,"Complete strikes and earn rank-up packages from Commander Zavala."
1058083678,1988218406,"Earn rank-up packages from Executor Hideo."
1058083679,1277015089,"Earn rank-up packages from Arach Jalaal."
1058147808,927835311,"Grandmaster Nightfall"
1058974800,3906357379,"Earned while leveling."
1059989494,1447836603,"Season of the Wish Activities"
1068320824,1141586039,"Flawless Chest in Trials of Osiris"
1068765948,599895591,"Season Pass Reward"
1073300948,3044460004,"Season of the Lost Ritual Playlists"
1074861258,4117693024,"Complete Nightfall strike ""The Hollowed Lair."""
1075894106,355382946,"Open Legendary engrams and earn faction rank-up packages."
1081482985,2653171212,"Trials of Osiris Challenges"
1087281065,3493948734,"Earned while leveling."
1088431376,287042894,"Complete activities and earn rank-up packages on Io."
1088431377,1018072983,"Leviathan raid."
1088431378,287042893,"Complete activities and earn rank-up packages in the EDZ."
1088431379,287042892,"Complete activities and earn rank-up packages on Saturn's Moon, Titan."
1088431380,1180270693,"Complete the campaign as a Warlock."
1088431381,1180270694,"Complete the campaign as a Titan."
1088431382,4174481098,"Complete Crucible matches and earn rank-up packages from Lord Shaxx."
1088431383,1180270692,"Complete the campaign as a Hunter."
1088431390,2276266837,"Earn rank-up packages from Executor Hideo."
1088431391,2683682446,"Limited Edition of Destiny 2."
1089205875,14194600,"""The Evidence Board"" Exotic Quest"
1091638964,1977926913,"Earned while leveling."
1091638965,4138415950,"Earned while leveling."
1091638968,1995011459,"Earned while leveling."
1091638969,1995011456,"Earned while leveling."
1091638970,4138415949,"Earned while leveling."
1091638971,4138415948,"Earned while leveling."
1091638972,636912560,"Complete activities and earn rank-up packages on the Tangled Shore."
1091638973,346136302,"Complete activities in the Dreaming City."
1091638974,1995011457,"Earned while leveling."
1091638975,3556971406,"Adventure ""Dark Alliance"" in the European Dead Zone"
1095326468,4248569242,"""Deep Stone Crypt"" Raid"
1096220030,1321626661,"Trials of Osiris Challenges"
1096589034,4220529694,"Earned during the seasonal Dawning event."
1099367289,1770490683,"""Salvation's Edge"" Raid"
1099766064,2681395357,"Complete activities and earn rank-up packages on the Tangled Shore."
1099766065,2653316158,"Complete Gambit matches and earn rank-up packages from the Drifter."
1099984904,1071542914,"Complete Nightfall strike ""The Corrupted."""
1099984908,622058944,"Complete Iron Banner matches and earn rank-up packages from Lord Saladin."
1099984909,159056377,"Complete activities and earn rank-up packages on Mars."
1099984910,1178397318,"Complete activities and earn rank-up packages on Mars."
1099984911,3376406418,"Complete activities and earn rank-up packages on the Tangled Shore."
1100183748,2919334548,"Acquired from the Menagerie aboard the Leviathan."
1100865290,46524085,"""Vox Obscura"" Exotic Quest"
1100947654,4277547616,"Exploring the Moon"
1105208960,1270948323,"Earned while leveling."
1105208961,1447973651,"Earned while leveling."
1105208968,3551104348,"Complete strikes and earn rank-up packages from Commander Zavala."
1105208970,4203034886,"Earned during the seasonal Dawning event."
1105208971,1490571337,"Complete Osiris' Lost Prophecies for Brother Vance on Mercury."
1105208972,4230993599,"Complete Crucible matches and earn rank-up packages from Lord Shaxx."
1105208973,276918162,"Complete activities and earn rank-up packages on Mars."
1105208974,1447973650,"Earned while leveling."
1105208975,1644160541,"Complete activities in the Dreaming City."
1109949704,20935540,"Exploring Europa"
1111219481,1161276682,"Complete this weapon's associated Crucible quest."
1115723712,3651075426,"Earned while leveling."
1116543648,1459443448,"Earn rank-up packages from Arach Jalaal."
1116543649,2094938673,"Complete Trials tickets and earn rank-up packages from the Emissary of the Nine."
1116543650,566976653,"Earn rank-up packages from Banshee-44."
1116543651,1200414607,"Open Legendary engrams and earn faction rank-up packages."
1116543652,2611861926,"Complete Crucible matches and earn rank-up packages from Lord Shaxx."
1116543653,3991544423,"Complete Osiris' Lost Prophecies for Brother Vance on Mercury."
1116543654,2414612777,"Complete activities and earn rank-up packages on Nessus."
1116543655,2414612776,"Complete activities and earn rank-up packages in the EDZ."
1116543659,105567493,"Complete Crucible matches and earn rank-up packages from Lord Shaxx."
1116762614,325519402,"Complete Trials tickets and earn rank-up packages from the Emissary of the Nine."
1116762615,161537637,"Complete Osiris' Lost Prophecies for Brother Vance on Mercury."
1116762616,228424224,"Earn rank-up packages from Banshee-44."
1116762617,4145119417,"Earn rank-up packages from Lakshmi-2."
1116762618,3325744914,"Leviathan raid."
1116762619,1513927139,"Complete activities and earn rank-up packages on Nessus."
1116762620,1513927136,"Complete activities and earn rank-up packages on Saturn's Moon, Titan."
1116762621,339343291,"Earn rank-up packages from Banshee-44."
1116762622,339343290,"Earn rank-up packages from Banshee-44."
1116762623,962412079,"Complete Crucible matches and earn rank-up packages from Lord Shaxx."
1121747838,3000847393,"Dungeon ""Duality"""
1127563969,2450049485,"Episode: Echoes"
1128575748,1621558458,"Season of the Splicer Activities"
1135136071,3434944005,"Associated Iron Banner Quest"
1139603973,2222560548,"Contact Public Event"
1141170786,3454326177,"""Garden of Salvation"" Raid"
1151412121,1937552980,"""King's Fall"" Raid"
1152758800,2295941920,"Complete activities and earn rank-up packages in the EDZ."
1152758801,2295941921,"Complete activities and earn rank-up packages on Mercury."
1152758802,990416096,"Complete Nightfall strike ""The Pyramidion."""
1152758803,2738174948,"Earn rank-up packages from Arach Jalaal."
1152758804,3380742308,"Leviathan raid."
1152758805,174804902,"Complete Trials tickets and earn rank-up packages from the Emissary of the Nine."
1152758806,3272713429,"Earn rank-up packages from Lakshmi-2."
1152758807,3239754990,"Earn rank-up packages from Executor Hideo."
1152758812,4272442416,"Earn rank-up packages from Lakshmi-2."
1152758813,689453941,"Complete activities and earn rank-up packages on Mars."
1159035925,2759590322,"Nightfall"
1159506207,834081972,"Complete strikes and earn rank-up packages from Commander Zavala."
1161231112,1473821207,"""Operation Seraph's Shield"" Mission"
1168191334,1393021133,"Earned while leveling."
1168191336,1393021135,"Earned while leveling."
1168191337,1393021134,"Earned while leveling."
1168191338,3662200189,"Earned while leveling."
1168191339,3662200190,"Earned while leveling."
1168191340,253196586,"Complete strikes and earn rank-up packages from Commander Zavala."
1168191341,3662200188,"Earned while leveling."
1168191342,4105447487,"Complete activities and earn rank-up packages on Mercury."
1168191343,618554398,"Complete activities and earn rank-up packages on Mars."
1169536384,3312073053,"Complete activities and earn rank-up packages on Nessus."
1169536385,3312073052,"Complete activities and earn rank-up packages on Saturn's Moon, Titan."
1169536386,3312073054,"Complete activities and earn rank-up packages in the EDZ."
1169536387,3666954561,"Earn rank-up packages from Banshee-44."
1169536388,3666954562,"Earn rank-up packages from Banshee-44."
1169536389,3666954563,"Earn rank-up packages from Banshee-44."
1169536390,2660862359,"Complete Crucible matches and earn rank-up packages from Lord Shaxx."
1169536391,2290863050,"Complete strikes and earn rank-up packages from Commander Zavala."
1169536398,2535939781,"Flashpoint milestones; Legendary engrams."
1169536399,3312073055,"Complete activities and earn rank-up packages on Io."
1170237393,1690783811,"Complete Iron Banner matches and earn rank-up packages from Lord Saladin."
1172785364,1321506184,"""King's Fall"" Raid"
1181037746,3843477312,"Crafted in a Black Armory forge."
1184569884,3659414143,"Season Pass Reward"
1184968896,1773600468,"Complete Crucible matches and earn rank-up packages from Lord Shaxx."
1184968897,3445437901,"Complete strikes and earn rank-up packages from Commander Zavala."
1184968898,2502422772,"Complete activities and earn rank-up packages in the EDZ."
1184968899,2398848320,"Earn rank-up packages from Banshee-44."
1184968900,2502422773,"Complete activities and earn rank-up packages on Nessus."
1184968901,2502422774,"Complete activities and earn rank-up packages on Saturn's Moon, Titan."
1184968902,1006783454,"Earn rank-up packages from Lakshmi-2."
1184968903,2961807684,"Complete Iron Banner matches and earn rank-up packages from Lord Saladin."
1184968904,4105447486,"Complete activities and earn rank-up packages on Saturn's Moon, Titan."
1184968905,3005879472,"Earn rank-up packages from Banshee-44."
1186314104,254156943,"Red War Campaign"
1186314105,2154059444,"Complete Nightfall strike ""The Insight Terminus."""
1186314106,2605790033,"Earned while leveling."
1186314107,2605790034,"Earned while leveling."
1200315408,2084611899,"Leviathan, Spire of Stars raid lair."
1200315409,819358961,"Complete strikes and earn rank-up packages from Commander Zavala."
1200315410,2812672356,"Complete activities and earn rank-up packages on Mercury."
1200315411,806021398,"Pledge to all factions on a single character."
1200315412,2581162758,"Earn rank-up packages from Lakshmi-2."
1200315413,48361212,"Earn rank-up packages from Arach Jalaal."
1200315414,1911843789,"Complete activities and earn rank-up packages in the EDZ."
1200315415,1533499360,"Earn rank-up packages from Banshee-44."
1200315422,1843044399,"Open Legendary engrams and earn faction rank-up packages."
1203091684,2605790032,"Earned while leveling."
1203091685,1177293325,"Earned while leveling."
1203091688,3745990145,"Complete strikes and earn rank-up packages from Commander Zavala."
1203091689,3100452337,"Complete Gambit matches and earn rank-up packages from the Drifter."
1203091690,1177293326,"Earned while leveling."
1203091691,1177293327,"Earned while leveling."
1203091692,1940885628,"Complete strikes and earn rank-up packages from Commander Zavala."
1203091693,847450546,"Escalation Protocol on Mars."
1203091694,3297863558,"Complete activities in the Dreaming City."
1203091695,1684914716,"Complete Crucible matches and earn rank-up packages from Lord Shaxx."
1206521022,2566006935,"Open Legendary engrams and earn faction rank-up packages."
1207784467,3915197957,"Season of the Seraph Grandmaster Nightfall"
1212820428,3969066556,"""King's Fall"" Raid"
1219571421,3419149443,"Earn rank-up packages from Banshee-44."
1236069238,1289000550,"Nightfall"
1241167395,3886416794,"""Vow of the Disciple"" Raid"
1249913112,2848549302,"Open Legendary engrams and earn faction rank-up packages."
1250207674,2852052802,"Open Legendary engrams and earn faction rank-up packages."
1250332035,2357297366,"Exotic Archive at the Tower"
1253910041,958384347,"Trials of Osiris Challenges"
1256522551,839344841,"""Warlord's Ruin"" Dungeon"
1256729926,1763584999,"Season Pass Reward"
1258579677,1395261499,"An Exotic quest or challenge."
1266395278,3512349612,"Fallen Empire Campaign"
1279318100,2112909415,"Open Legendary engrams and earn faction rank-up packages."
1279318101,233423981,"Complete Nightfall strike ""Warden of Nothing."""
1279318104,2171006181,"Complete strikes and earn rank-up packages from Commander Zavala."
1279318105,153979397,"Complete Crucible matches and earn rank-up packages from Lord Shaxx."
1279318106,2112909414,"Open Legendary engrams and earn faction rank-up packages."
1279318107,654370424,"Last Wish raid."
1279318108,3216383791,"Earn rank-up packages from Banshee-44."
1279318109,3285365667,"Complete Osiris' Lost Prophecies for Brother Vance on Mercury."
1279318110,4238497225,"Complete Nightfall strike ""Tree of Probabilities."""
1279318111,3649055823,"Complete Iron Banner matches and earn rank-up packages from Lord Saladin."
1286604825,1896309757,"Into the Light"
1289063300,781498181,"Season of the Witch"
1295019932,892183998,"""Salvation's Edge"" Raid"
1296095686,2957542878,"Complete strikes and earn rank-up packages from Commander Zavala."
1296095687,408440598,"Earn rank-up packages from Lakshmi-2."
1296095688,582335600,"Earn rank-up packages from Arach Jalaal."
1296095689,1189790632,"Complete Iron Banner matches and earn rank-up packages from Lord Saladin."
1296095690,2850415209,"Complete Trials tickets and earn rank-up packages from the Emissary of the Nine."
1296095691,1128225405,"Leviathan raid."
1296095692,2145476620,"Complete activities and earn rank-up packages in the EDZ."
1296095693,1706536806,"Open Legendary engrams and earn faction rank-up packages."
1296095694,3860697509,"Earn rank-up packages from Banshee-44."
1296095695,1048266744,"Complete Crucible matches and earn rank-up packages from Lord Shaxx."
1303705556,3535742959,"Complete the ""Reconnaissance by Fire"" quest."
1303837243,2779821308,"Season of the Witch"
1310958655,2723909519,"Exploring the Moon"
1322387333,2001697739,"""Salvation's Edge"" Raid"
1331914466,2855157553,"""Prophecy"" Dungeon"
1333654050,1369487074,"Complete Iron Banner matches and earn rank-up packages from Lord Saladin."
1333654051,1099433612,"Earn rank-up packages from Lakshmi-2."
1333654056,3762467078,"Complete activities and earn rank-up packages in the EDZ."
1333654057,2505533224,"Leviathan raid."
1333654058,1644162710,"Complete strikes and earn rank-up packages from Commander Zavala."
1333654059,3778520450,"Earn rank-up packages from Banshee-44."
1333654060,1503609584,"Complete Trials tickets and earn rank-up packages from the Emissary of the Nine."
1333654061,1457979868,"Complete Nightfall strike ""Savathûn's Song."""
1333654062,2014642399,"Complete Iron Banner matches and earn rank-up packages from Lord Saladin."
1333654063,472847207,"Earn rank-up packages from Arach Jalaal."
1335493156,3257091166,"Xûr's Treasure Hoard in Eternity"
1335493157,3257091167,"Xûr's Treasure Hoard in Eternity"
1339084231,1313528549,"Trials of Osiris Challenges"
1350431640,640114618,"Complete activities in the Dreaming City."
1350431641,1839565992,"Complete activities and earn rank-up packages on the Tangled Shore."
1350431643,1789347249,"Complete Gambit matches and earn rank-up packages from the Drifter."
1350431644,1137768695,"Complete activities and earn rank-up packages on Mars."
1350431645,1650442173,"Earn rank-up packages from Executor Hideo."
1350431647,1752585070,"Complete activities and earn rank-up packages on Mars."
1355624400,8293111,"""Spire of the Watcher"" Dungeon"
1361916771,3276304504,"Earn Ranks in Vanguard, Crucible, or Gambit Playlists"
1363781619,3503019618,"""King's Fall"" Raid"
1365091523,1916287826,"Open Legendary engrams and earn faction rank-up packages."
1370087379,1853180924,"Exotic Archive at the Tower"
1370389670,2351747818,"Earned while leveling."
1372710859,3233390913,"Obelisk Bounties and Resonance Rank Increases Across the System"
1373475716,2322926844,"Nightfall"
1378193676,231031173,"""Root of Nightmares"" Raid"
1388763049,981718087,"""Hunt for the Wrathborn"" Quest"
1392294260,1363238943,"Exotic Archive at the Tower"
1393449905,3444632029,"Flawless Chest in Trials of Osiris"
1393960736,1678957659,"Earned while leveling."
1395483393,1526296434,"""Chief Investigator"" Triumph"
1401389346,1719687748,"Open Legendary engrams and earn faction rank-up packages."
1410977188,2351747819,"Earned while leveling."
1416798596,414045521,"Episode Revenant Seasonal Activities"
1416925483,45643573,"Season of Defiance"
1422681026,4232480042,"Vesper's Host"
1423950904,3407395594,"""King's Fall"" Raid"
1426879817,105306149,"Season of the Witch"
1445681328,755130877,"Complete Gambit Prime matches and increase your rank."
1447418853,1471212226,"""Root of Nightmares"" Raid"
1451175950,3754408118,"Complete Crucible matches and earn rank-up packages from Lord Shaxx."
1455053342,1453235079,"Into the Light"
1458222686,1399109800,"Wellspring Boss Bor'gong, Warden of the Spring"
1480104006,1239700299,"""Crota's End"" Raid"
1492432531,2888266564,"Complete Crucible matches and earn rank-up packages from Lord Shaxx."
1496296460,2534546147,"""Vow of the Disciple"" Raid"
1500892470,2591586262,"Earned while leveling."
1501322721,4068264807,"Exotic engrams; extremely rare world drops."
1505480651,882778888,"Glory Matches in Crucible"
1510655351,4227181568,"Complete the ""Clean Getaway"" quest."
1511140173,2591111628,"Solstice"
1517610291,2037589099,"Earned while leveling."
1530215149,4224667951,"Episode Revenant Seasonal Activities"
1530580258,1506719573,"The Dawning."
1534055173,3433930495,"Episode Revenant Seasonal Activities"
1534387872,2545083870,"Last Wish raid."
1534387873,372212741,"Adventure ""Deathless"" on Saturn's Moon, Titan"
1534387874,3740842661,"Complete activities in the Dreaming City."
1534387875,991314988,"Complete Gambit matches and earn rank-up packages from the Drifter."
1534387876,2544285846,"Complete activities and earn rank-up packages on Mars."
1534387877,1929278169,"Complete Nightfall strike ""Strange Terrain."""
1534387878,2149166939,"Complete activities and earn rank-up packages on Mercury."
1534387879,4041111172,"Complete Crucible matches and earn rank-up packages from Lord Shaxx."
1534387886,4221925398,"Earned while leveling."
1534387887,4221925399,"Earned while leveling."
1539770331,3743729616,"Open Legendary engrams and earn faction rank-up packages."
1540397151,222606050,"Open Legendary engrams and earn faction rank-up packages."
1551165456,2149166938,"Open Legendary engrams and earn faction rank-up packages."
1551165457,1411084669,"Earn rank-up packages from Banshee-44."
1551165464,3748713778,"Earn rank-up packages from Banshee-44."
1551165465,137879537,"Complete strikes and earn rank-up packages from Commander Zavala."
1551165466,417474224,"Complete activities and earn rank-up packages on Saturn's Moon, Titan."
1551165467,3748713779,"Earn rank-up packages from Banshee-44."
1551165468,417474226,"Complete activities and earn rank-up packages on Io."
1551165469,417474225,"Complete activities and earn rank-up packages on Nessus."
1551165470,2792181427,"Complete Crucible matches and earn rank-up packages from Lord Shaxx."
1551165471,3691881271,"Leviathan raid."
1554180090,927567426,"Wellspring Boss Golmag, Warden of the Spring"
1558323381,303107619,"Flawless Chest in Trials of Osiris"
1560041758,2074041946,"Season of Plunder Grandmaster Nightfall"
1572606157,569799274,"Acquired from the Menagerie aboard the Leviathan."
1576385355,2527666306,"Flawless Chest in Trials of Osiris"
1578345208,4129629253,"Exploring the Pale Heart"
1580719389,4265183314,"Complete Iron Banner matches and earn rank-up packages from Lord Saladin."
1587470634,2045811635,"Season of the Wish Activities"
1589426903,93253474,"Crafted in a Black Armory forge."
1589588318,614426548,"Season Pass Reward"
1593810954,1457394911,"Earned while leveling."
1602518767,3745974521,"Complete Nightfall strike ""Lake of Shadows."""
1606243747,1874424704,"Complete activities in the Dreaming City."
1616672196,711899772,"Earned while leveling."
1638471425,3116356268,"Complete Gambit Prime matches and increase your rank."
1639266456,1600633250,"Complete this weapon's associated Gambit quest."
1642951312,814876685,"Exotic engrams; extremely rare world drops."
1642951314,3413860063,"Exotic engrams; extremely rare world drops."
1642951315,1852863732,"Exotic engrams; extremely rare world drops."
1642951316,19024058,"Exotic engrams; extremely rare world drops."
1642951317,3141979347,"Exotic engrams; extremely rare world drops."
1642951318,3413074534,"Exotic Archive at the Tower"
1642951319,2208405142,"Exotic engrams; extremely rare world drops."
1643809765,1111334348,"Vesper's Host"
1646471668,725408022,"Ranks in Vanguard Strikes, Crucible, or Gambit"
1647260656,2249996761,"Episode: Echoes"
1653672660,3292795429,"Complete Crucible matches and earn rank-up packages from Lord Shaxx."
1657028064,4124984448,"Exotic engrams; extremely rare world drops."
1657028066,4255268456,"Exotic engrams; extremely rare world drops."
1657028067,3089417789,"Exotic engrams; extremely rare world drops."
1657028068,2907129557,"Exotic engrams; extremely rare world drops."
1657028069,3628991658,"Exotic engrams; extremely rare world drops."
1657028070,1345867571,"Exotic engrams; extremely rare world drops."
1657028071,3549153978,"Exotic engrams; extremely rare world drops."
1657028078,4190156464,"Exotic engrams; extremely rare world drops."
1657781967,396910433,"Dawning 2022"
1659184069,930590127,"Complete Iron Banner matches and earn rank-up packages from Lord Saladin."
1660030044,814876684,"An Exotic quest or challenge."
1660030045,204878059,"An Exotic quest or challenge."
1660030046,347366834,"Exotic Archive at the Tower"
1660030047,3413860062,"An Exotic quest or challenge."
1663762675,603242241,"Crafted in a Black Armory forge."
1666039008,324382200,"Complete the ""Breakneck"" quest from the Drifter."
1670904512,1584643826,"Complete this weapon's associated Gambit quest."
1672611243,627188188,"Trials of Osiris Challenges"
1683229551,4288031461,"Leviathan, Spire of Stars raid lair."
1683333367,821154603,"Complete Gambit Prime matches and increase your rank."
1689051372,2475355656,"Trials of Osiris"
1692129580,569799273,"Acquired from the Menagerie aboard the Leviathan."
1705426916,210065223,"Earn rank-up packages from Lakshmi-2."
1709454423,1457394910,"Earned while leveling."
1715819504,528834068,"Festival of the Lost 2019"
1717346663,3997086838,"Grandmaster Nightfall"
1721326558,1720503118,"Season of Defiance"
1727137597,3950088638,"Complete Trials tickets and earn rank-up packages from the Emissary of the Nine."
1729117871,1389546626,"Guardian Games 2023"
1729827465,3616586446,"Contact Public Event"
1731479105,1271343896,"""Prophecy"" Dungeon"
1736170841,3355385170,"Nightfall"
1737530606,933455006,"Trials of Osiris Challenges"
1746860269,3248429089,"""King's Fall"" Raid"
1749913136,2138599001,"Complete seasonal activities during Season of the Undying."
1763610692,1983149589,"Exotic Archive at the Tower"
1763840761,1201830623,"Exotic Archive at the Tower"
1764421322,2328531378,"Open Legendary engrams and earn faction rank-up packages."
1771042790,435216110,"Nightfall"
1776365953,2832639510,"Season of the Deep Fishing"
1782449062,2099894368,"Open Legendary engrams and earn faction rank-up packages."
1785758919,1216130969,"Season Pass Reward"
1798635285,690668916,"""Vault of Glass"" Raid"
1801165885,2496875173,"Complete Crucible matches and earn rank-up packages from Lord Shaxx."
1805854510,3221722018,"Complete Gambit matches and earn rank-up packages from the Drifter."
1809928146,875848769,"Complete Gambit matches and earn rank-up packages from the Drifter."
1818592245,617501162,"Open Legendary engrams and earn faction rank-up packages."
1824281126,625672050,"Earn rank-up packages from Executor Hideo."
1832123372,940371471,"Season of the Deep"
1834524382,2314610827,"Trials of Osiris Challenges"
1840749147,1946491241,"Open Legendary engrams and earn faction rank-up packages."
1842813972,602618796,"Open Legendary engrams and earn faction rank-up packages."
1844206094,2233545123,"Open Legendary engrams and earn faction rank-up packages."
1844459180,2209003210,"""Garden of Salvation"" Raid"
1847224363,3106557243,"Grandmaster Nightfall"
1849594552,829330711,"Complete Iron Banner matches and earn rank-up packages from Lord Saladin."
1854621349,2492081469,"Open Legendary engrams and earn faction rank-up packages."
1860871431,578105049,"""Crota's End"" Raid"
1870041959,2149683300,"Season of the Seraph"
1880041321,3371413059,"Open Legendary engrams and earn faction rank-up packages."
1880041322,3371413056,"Open Legendary engrams and earn faction rank-up packages."
1880041323,3371413057,"Open Legendary engrams and earn faction rank-up packages."
1882909875,3055192515,"Open Legendary engrams and earn faction rank-up packages."
1891178032,198854575,"Complete Iron Banner matches and earn rank-up packages from Lord Saladin."
1894213264,3326850591,"""Prophecy"" Dungeon"
1894288229,2653171213,"Trials of Osiris Challenges"
1901414106,2990047042,"""Deep Stone Crypt"" Raid"
1905161492,2422664927,"Crafted in a Black Armory forge."
1931890292,1705843397,"Flawless Chest in Trials of Osiris"
1935742099,1141927949,"Complete Gambit matches and earn rank-up packages from the Drifter."
1945670901,4067556514,"Season Pass Reward"
1952294856,2066434718,"Season of the Lost Ritual Playlists"
1957285904,3393519051,"Obelisk Bounties and Resonance Rank Increases Across the System"
1960825599,409551876,"Complete Crucible matches and earn rank-up packages from Lord Shaxx."
1969234607,1833195496,"Exotic Archive at the Tower"
1971618369,4149758318,"Obelisk Bounties and Resonance Rank Increases Across the System"
1975675179,1097616550,"Battlegrounds"
1977134032,374573733,"Exotic Archive at the Tower"
1977507427,232928045,"Season of the Risen"
1979123686,5159537,"Open Legendary engrams and earn faction rank-up packages."
1982343186,1505862304,"Complete Iron Banner matches and earn rank-up packages from Lord Saladin."
1986020160,53159281,"Red War Campaign"
1986202265,1987769101,"""Vault of Glass"" Raid"
1988948484,4103414242,"An Exotic quest or challenge."
1990579948,3216652511,"Earn Ranks in Vanguard, Crucible, or Gambit Playlists"
1992402079,3710082365,"Season of the Wish Activities"
1992511111,905092001,"Earn rank-up packages from Arach Jalaal."
1999017690,2408405461,"""Garden of Salvation"" Raid"
2001781127,3569842567,"Earned while leveling."
2007472130,1769847435,""
2011258732,805677041,"Associated Vanguard Quest"
2014766405,3861448240,"Acquired from the raid ""Crown of Sorrow."""
2016755096,2553946496,"Earned while leveling."
2021241058,1432682459,"""Crota's End"" Raid"
2026387068,2988121501,"Complete Crucible matches and earn rank-up packages from Lord Shaxx."
2027507971,4255586669,"Complete strikes and earn rank-up packages from Commander Zavala."
2029246588,2313726158,"Glory Matches in Crucible"
2034773030,3649985571,"Festival of the Lost"
2035712007,3920310144,"Lightfall Campaign"
2036397919,2130065553,"Exotic engrams; extremely rare world drops."
2040172034,736901634,"Complete Gambit Prime matches and increase your rank."
2040522335,3865728990,"Wellspring Boss Zeerik, Lightflayer"
2041592969,20025671,"Crafted in a Black Armory forge."
2043119877,1972985595,"Complete Iron Banner matches and earn rank-up packages from Lord Saladin."
2044545126,4157959956,"Earned while leveling."
2045012053,1968410628,"Complete Trials tickets and earn rank-up packages from the Emissary of the Nine."
2045951379,2513965917,"Open Legendary engrams and earn faction rank-up packages."
2046316088,3143732432,"Contact Public Event"
2049955182,2386979999,"Flawless Chest in Trials of Osiris"
2053873411,1311684613,"Lightfall Campaign"
2056947356,3185293914,"Earned while leveling."
2061326661,3947966653,"Exploring the Pale Heart"
2065807307,3125454907,"Nightfall"
2066387933,1084190509,"Complete Iron Banner matches and earn rank-up packages from Lord Saladin."
2067827008,4157959958,"Earned while leveling."
2075077477,2932922810,"Nightfall"
2079346677,35794111,"Contact Public Event"
2080095754,3325778512,"Exploring the Moon"
2081206839,2350354266,"Season Pass Reward"
2081504925,1706206669,"Sundial Activity on Mercury"
2081637173,1986287028,"""Root of Nightmares"" Raid"
2084027669,417100299,"Complete Iron Banner matches and earn rank-up packages from Lord Saladin."
2087680506,3107853529,"The Derelict Leviathan"
2091352795,1959650777,"Season of the Haunted Activities"
2093339028,1907698332,"Trials of Osiris Challenges"
2094776121,3580904581,"Exotic engrams; extremely rare world drops."
2097871936,46125926,"""Vox Obscura"" Exotic Quest"
2098648003,3075224551,"Season Pass Reward"
2099800406,495442100,"""Root of Nightmares"" Raid"
2107308931,1594120904,"Deluxe Edition Bonus"
2107914125,1644680957,"""A Sacred Fusion"" Quest"
2109320320,2890082420,"""Root of Nightmares"" Raid"
2115824895,4038592169,"""Vow of the Disciple"" Raid"
2133721659,1821724780,"Season Pass Reward"
2139806021,548809020,"Trials of Osiris Challenges"
2143216566,2188764214,"""Presage"" Exotic Quest"
2144945645,3514096004,"Open Legendary engrams and earn faction rank-up packages."
